country,"2019 GDP, local currency (IMF WEO)","2019 GDP, USD (IMF WEO)",2018 Population (World Bank WDI)
Afghanistan,1.50247E+12,18734000000,37172386
Albania,1.70538E+12,15418000000,2866376
Algeria,2.04474E+13,1.72781E+11,42228429
Angola,3.14741E+13,91527000000,30809762
Argentina,2.16031E+13,4.45469E+11,44494502
Armenia,6.541E+12,13444000000,2951776
Aruba,5196000000,2903000000,105845
Australia,1.98333E+12,1.37626E+12,24992369
Austria,3.9865E+11,4.47718E+11,8847037
Azerbaijan,80191000000,47171000000,9942334
Bahrain,14357000000,38184000000,1569439
Bangladesh,2.74471E+13,3.17465E+11,161356039
Barbados,10378000000,5189000000,286641
Belarus,1.31234E+11,62572000000,9485386
Belgium,4.60881E+11,5.17609E+11,11422068
Belize,4002000000,2001000000,383071
Benin,8.39515E+12,14374000000,11485048
Bhutan,1.92827E+11,2842000000,754394
Bolivia,2.9087E+11,42401000000,11353142
Bosnia and Herzegovina,34852000000,20106000000,3323929
Botswana,2.0019E+11,18690000000,2254126
Brazil,7.19701E+12,1.84702E+12,209469333
Brunei Darussalam,16907000000,12455000000,428962
Bulgaria,1.15371E+11,66250000000,7024216
Burkina Faso,8.48382E+12,14593000000,19751535
Burundi,6.75701E+12,3573000000,11175378
Cabo Verde,1.96757E+11,2013000000,543767
Cambodia,1.08397E+14,26730000000,16249798
Cameroon,2.25636E+13,38632000000,25216237
Canada,2.29755E+12,1.73091E+12,37058856
Central African Republic,1.3556E+12,2321000000,4666377
Chad,6.43985E+12,11026000000,15477751
Chile,2.00107E+14,2.94237E+11,18729160
Colombia,1.05177E+15,3.27895E+11,49648685
Comoros,5.1421E+11,1179000000,832322
Cook Islands,547811489,360877133,19301
Costa Rica,3.64749E+13,61021000000,4999441
Côte d'Ivoire,2.59551E+13,44439000000,25069229
Croatia,4.00705E+11,60702000000,4089400
Cyprus,21619000000,24280000000,1189265
Czech Republic,5.60476E+12,2.46953E+11,10625695
Democratic Republic of the Congo,8.2679E+13,48994000000,84068091
Denmark,2.29773E+12,3.47176E+11,5797446
Dominica,1601000000,593000000,71625
Dominican Republic,4.55019E+12,89475000000,10627165
Ecuador,1.07914E+11,1.07914E+11,17084357
Arab Republic of Egypt,5.32444E+12,3.02256E+11,98423595
El Salvador,26871000000,26871000000,6420744
Equatorial Guinea,7.0589E+12,12142000000,1308974
Estonia,27636000000,31038000000,1320884
Eswatini,66459000000,4657000000,1136191
Ethiopia,2.63869E+12,91166000000,109224559
European Central Bank,,,
European Union,,,
Federated States of Micronesia,381000000,381000000,112640
Fiji,12226000000,5708000000,883483
Finland,2.39421E+11,2.69654E+11,5518050
France,2.41039E+12,2.70707E+12,66987244
Gabon,9.81157E+12,16877000000,2119275
Georgia,44749000000,15925000000,3731000
Germany,3.43994E+12,3.86334E+12,82927922
Ghana,3.47963E+11,67077000000,29767108
Greece,1.90018E+11,2.14012E+11,10727668
Guatemala,6.33525E+11,81318000000,17247807
Guinea,1.25589E+14,13368000000,12414318
Guinea-Bissau,8.11889E+11,1397000000,1874309
Haiti,7.43621E+11,8819000000,11123176
Honduras,6.10874E+11,24449000000,9587522
"Hong Kong, China",2.92125E+12,3.72989E+11,7451000
Hungary,4.53284E+13,1.70407E+11,9768785
Iceland,2.93091E+12,23918000000,353574
India,2.08985E+14,2.93557E+12,1352617328
Indonesia,1.60758E+16,1.11171E+12,267663435
Iraq,2.65314E+14,2.24462E+11,38433600
Ireland,3.42752E+11,3.8494E+11,4853506
Islamic Republic of Iran,2.29823E+16,4.585E+11,81800269
Israel,1.39062E+12,3.87717E+11,8883800
Italy,1.77069E+12,1.98864E+12,60431283
Jamaica,2.09713E+12,15702000000,2934855
Japan,5.57716E+14,5.15448E+12,126529100
Jordan,31318000000,44172000000,9956011
Kazakhstan,6.54392E+13,1.70326E+11,18276499
Kenya,1.00685E+13,98607000000,51393010
Kiribati,263000000,184000000,115847
Kosovo,7120000000,7996000000,1845300
Kuwait,41539000000,1.37591E+11,4137309
Kyrgyz Republic,5.85601E+11,8261000000,6315800
Lao PDR,1.64147E+14,19127000000,7061507
Latvia,31205000000,35045000000,1926542
Lebanon,8.82872E+13,58565000000,6848925
Lesotho,40779000000,2741000000,2108132
Liberia,3222000000,3222000000,4818977
Libya,45744000000,33018000000,6678567
Lithuania,47762000000,53641000000,2789533
Luxembourg,61554000000,69453000000,607728
"Macau, China",4.45328E+11,55136000000,631636
Madagascar,4.5247E+13,12550000000,26262368
Malawi,5.6668E+12,7522000000,18143315
Malaysia,1.52675E+12,3.65303E+11,31528585
Maldives,89158000000,5786000000,515696
Mali,1.02594E+13,17647000000,19077690
Malta,13231000000,14859000000,483530
Marshall Islands,220000000,220000000,58413
Mauritania,2.09184E+11,5651000000,4403319
Mauritius,5.06928E+11,14391000000,1265303
Mexico,2.4456E+13,1.27418E+12,126190788
Moldova,2.073E+11,11688000000,3545883
Mongolia,3.71289E+13,13637000000,3170208
Montenegro,4807000000,5424000000,622345
Morocco,1.15183E+12,1.1904E+11,36029138
Mozambique,9.46289E+11,15093000000,29495962
Myanmar,1.04458E+14,65994000000,53708395
Namibia,2.00325E+11,14368000000,2448255
Nauru,148000000,108000000,12704
Nepal,3.46432E+12,29813000000,28087871
Netherlands,8.0346E+11,9.02355E+11,17231017
New Zealand,3.04852E+11,2.04671E+11,4885500
Niger,5.4167E+12,9443000000,22442948
Nigeria,1.45127E+14,4.46543E+11,195874740
Niue,45949890,31793511,1738
North Macedonia,6.94737E+11,12672000000,2082958
Norway,3.65657E+12,4.17627E+11,5314336
Oman,29456000000,76609000000,4829483
Pakistan,3.85588E+13,2.84214E+11,212215030
Palau,291000000,291000000,17907
Panama,68536000000,68536000000,4176873
Papua New Guinea,80173000000,23587000000,8606316
Paraguay,2.50911E+14,40714000000,6956071
People's Republic of China,9.5497E+13,1.41402E+13,1392730000
Peru,7.75235E+11,2.28989E+11,31989256
Philippines,1.87328E+13,3.56814E+11,106651922
Poland,2.2567E+12,5.65854E+11,37978548
Portugal,2.10499E+11,2.36408E+11,10281762
Qatar,6.9833E+11,1.91849E+11,2781677
Republic of Congo,6.76145E+12,11576000000,5244363
Republic of Korea,1.91364E+15,1.62953E+12,51635256
Romania,1.02753E+12,2.43698E+11,19473936
Russian Federation,1.09097E+14,1.63789E+12,144478050
Rwanda,9.19939E+12,10209000000,12301939
Samoa,2354000000,905000000,196130
San Marino,1416000000,1591000000,33785
São Tomé and Príncipe,9333000000,430000000,211028
Saudi Arabia,2.92234E+12,7.79289E+11,33699947
Senegal,1.39827E+13,23940000000,15854360
Serbia,5.40767E+12,51523000000,6982084
Seychelles,23198000000,1644000000,96762
Sierra Leone,3.79272E+13,4229000000,7650154
Singapore,4.98084E+11,3.62818E+11,5638676
Slovak Republic,94875000000,1.06552E+11,5447011
Slovenia,48219000000,54154000000,2067372
Solomon Islands,11709000000,1440000000,652858
Somalia,4958000000,4958000000,15008154
South Africa,5.12085E+12,3.58839E+11,57779622
Spain,1.24467E+12,1.39787E+12,46723749
Sri Lanka,1.54515E+13,86566000000,21670000
Suriname,28493000000,3774000000,575991
Sweden,4.99456E+12,5.28929E+11,10183175
Switzerland,7.07438E+11,7.1536E+11,8516543
"Taipei,China",1.82414E+13,5.86104E+11,23589000
Tajikistan,77705000000,8152000000,9100837
Thailand,1.6922E+13,5.29177E+11,69428524
The Bahamas,12664000000,12664000000,385640
The Gambia,89177000000,1773000000,2280102
Timor-Leste,2938000000,2938000000,1267972
Togo,3.19862E+12,5502000000,7889094
Tonga,1117000000,488000000,103197
Trinidad and Tobago,1.53069E+11,22607000000,1389858
Tunisia,1.14258E+11,38732000000,11565204
Turkey,4.27253E+12,7.43708E+11,82319724
Turkmenistan,1.6336E+11,46674000000,5850908
Tuvalu,59000000,42000000,11508
Uganda,1.15953E+14,30666000000,42723139
Ukraine,4.02324E+12,1.50401E+11,44622516
United Arab Emirates,1.4902E+12,4.05771E+11,9630959
United Kingdom,2.18492E+12,2.74359E+12,66488991
United States,2.14395E+13,2.14395E+13,327167434
Uruguay,2.00035E+12,59918000000,3449299
Uzbekistan,5.23373E+14,60490000000,32955400
Vanuatu,1.0675E+11,951000000,292680
Viet Nam,6.08506E+15,2.61637E+11,95540395
West-African Economic and Monetary Union,,,
Yemen,1.68981E+13,29855000000,28498687
Zambia,3.13496E+11,23946000000,17351822
Zimbabwe,97461000000,12818000000,14439018
American Samoa,,,
Andorra,,,
Anguilla,,,
Antarctica,,,
Antigua and Barbuda,,,
Bermuda,,,
Bouvet Island,,,
British Indian Ocean Territory,,,
Cayman Islands,,,
Christmas Island,,,
Cocos (Keeling) Islands,,,
Cuba,,,
Djibouti,,,
Eritrea,,,
Falkland Islands (Malvinas),,,
Faroe Islands,,,
French Guiana,,,
French Polynesia,,,
French Southern Territories,,,
Gibraltar,,,
Greenland,,,
Grenada,,,
Guadeloupe,,,
Guam,,,
Guernsey,,,
Guyana,,,
Heard Island and McDonald Islands,,,
Holy See (Vatican City State),,,
Isle of Man,,,
Jersey,,,
"Korea, Democratic People's Republic of",,,
Liechtenstein,,,
Martinique,,,
Mayotte,,,
Monaco,,,
Montserrat,,,
Netherlands Antilles,,,
New Caledonia,,,
Nicaragua,,,
Norfolk Island,,,
Northern Mariana Islands,,,
"Palestinian Territory, Occupied",,,
Pitcairn,,,
Puerto Rico,,,
Réunion,,,
Saint Barthélemy,,,
"Saint Helena, Ascension and Tristan da Cunha",,,
Saint Kitts and Nevis,,,
Saint Lucia,,,
Saint Martin (French part),,,
Saint Pierre and Miquelon,,,
Saint Vincent and the Grenadines,,,
South Georgia and the South Sandwich Islands,,,
Sudan,,,
Svalbard and Jan Mayen,,,
Syrian Arab Republic,,,
"Tanzania, United Republic of",,,
Tokelau,,,
Turks and Caicos Islands,,,
United States Minor Outlying Islands,,,
"Venezuela, Bolivarian Republic of",,,
"Virgin Islands, British",,,
"Virgin Islands, U.S.",,,
Wallis and Futuna,,,
Western Sahara,,,
Åland Islands,,,
